{
  "mae": 56705.55078125,
  "rmse": 57751.54287116492,
  "mape": 22.985559463500977,
  "training_date": "2026-01-02 19:14:25"
}