{
  "mae": 33.946819819410095,
  "rmse": 41.0302682343501,
  "mape": 15.059675584622404,
  "evaluation_date": "2026-01-02 15:40:48"
}